title,slug,route,role,focus,source_url
Detector Guide,face-shape-detector-guide,/face-shape-detector-guide,"Explains the browser detector and close results","Four measurements; naming systems; evidence behind a label",https://myfaceshapechart.com/face-shape-detector-guide
What Is My Face Shape?,what-is-my-face-shape,/what-is-my-face-shape,"Repeatable self-check for mixed results","Pattern comparison; overlap; primary and secondary tendency",https://myfaceshapechart.com/what-is-my-face-shape
Face Shape Chart,face-shape-chart,/face-shape-chart,"Hub for recording measurements and comparing rows","Widest line; length-to-width context; jaw tie-breaker",https://myfaceshapechart.com/face-shape-chart
Square Face Hairstyles,square-face-hairstyles,/square-face-hairstyles,"Styling guide for a square outline","Jaw; crown; front pieces; next-morning check",https://myfaceshapechart.com/square-face-hairstyles
Oblong Face Hairstyles,oblong-face-hairstyles,/oblong-face-hairstyles,"Styling guide for a long vertical outline","Controlled width; front movement; dry landing point",https://myfaceshapechart.com/oblong-face-hairstyles
Heart Shaped Face Haircut,heart-shaped-face-haircut,/heart-shaped-face-haircut,"Haircut guide for an upper-face-heavy outline","Weight below the cheekbones; dry shape; repair decisions",https://myfaceshapechart.com/heart-shaped-face-haircut
Triangle Face Hairstyle,triangle-face-hairstyle,/triangle-face-hairstyle,"Styling guide for a lower-face-heavy outline","Upper frame; jaw shelf; texture and dry landing",https://myfaceshapechart.com/triangle-face-hairstyle
Haircuts for Oval Face Shape,haircuts-for-oval-face-shape,/haircuts-for-oval-face-shape,"General haircut guide for an oval outline","Front framing; bob or lob; waves; short-cut ratios",https://myfaceshapechart.com/haircuts-for-oval-face-shape
Hairstyles for Diamond Face Shape,hairstyles-for-diamond-face-shape,/hairstyles-for-diamond-face-shape,"Styling guide for cheekbone-dominant width","Width placement; fringe exit route; temple coverage",https://myfaceshapechart.com/hairstyles-for-diamond-face-shape
Hairstyles for Round Face Shape,hairstyles-for-round-face-shape,/hairstyles-for-round-face-shape,"Styling guide for compact proportions and a soft jaw","Direction; crown lift; movement away from the cheeks",https://myfaceshapechart.com/hairstyles-for-round-face-shape
Bangs for Heart Shaped Face,bangs-for-heart-shaped-face,/bangs-for-heart-shaped-face,"Focused fringe guide for a heart outline","Forehead softness; movable side pieces; narrow center",https://myfaceshapechart.com/bangs-for-heart-shaped-face
Best Haircut for Oval Face Men,best-haircut-for-oval-face-men,/best-haircut-for-oval-face-men,"Focused men's haircut guide for an oval outline","Top-to-side ratio; parting; taper; maintenance",https://myfaceshapechart.com/best-haircut-for-oval-face-men
